{
  "": [
    {
      "region": "관악구",
      "keyword": "한식",
      "id": 1
    },
    {
      "region": "마포구",
      "keyword": "중식",
      "id": 2
    },
    {
      "region": "관악구",
      "keyword": "한식",
      "index": "1",
      "adress": "1",
      "place_name": "1",
      "road_address_name": "0",
      "x": "0",
      "y": "0",
      "id": 3
    },
    {
      "region": "관악구",
      "keyword": "한식",
      "index": "1",
      "adress": "1",
      "place_name": "1",
      "road_address_name": "0",
      "x": "0",
      "y": "0",
      "id": 4
    },
    {
      "region": "마포구",
      "keyword": "한식",
      "index": "1",
      "adress": "1",
      "place_name": "1",
      "road_address_name": "0",
      "x": "0",
      "y": "0",
      "id": 5
    },
    {
      "region": "관악구",
      "keyword": "한식",
      "index": "",
      "adress": "",
      "place_name": "",
      "road_address_name": "",
      "x": "",
      "y": "",
      "id": 6
    },
    {
      "region": "관악구",
      "keyword": "한식",
      "adress": "true",
      "place_name": "true",
      "road_address_name": "false",
      "x": "false",
      "y": "false",
      "id": 7
    },
    {
      "region": "관악구",
      "keyword": "한식",
      "adress": true,
      "place_name": true,
      "road_address_name": false,
      "x": false,
      "y": false,
      "id": 8
    },
    {
      "region": "",
      "keyword": "test",
      "adress": true,
      "place_name": true,
      "road_address_name": false,
      "x": false,
      "y": false,
      "id": 9
    },
    {
      "region": "",
      "keyword": "test",
      "adress": true,
      "place_name": true,
      "road_address_name": false,
      "x": false,
      "y": false,
      "id": 10
    },
    {
      "keyword": "test",
      "adress": true,
      "place_name": true,
      "road_address_name": false,
      "x": false,
      "y": false,
      "gu": "Gangbuk",
      "id": 11
    },
    {
      "keyword": "test",
      "adress": true,
      "place_name": true,
      "road_address_name": false,
      "x": false,
      "y": false,
      "gu": "Gangbuk",
      "id": 12
    },
    {
      "keyword": "test",
      "adress": true,
      "place_name": true,
      "road_address_name": false,
      "x": false,
      "y": false,
      "gu": "Gangbuk",
      "id": 13
    },
    {
      "keyword": "test",
      "adress": true,
      "place_name": true,
      "road_address_name": false,
      "x": false,
      "y": false,
      "gu": "Gangbuk",
      "id": 14
    },
    {
      "keyword": "test",
      "adress": true,
      "place_name": true,
      "road_address_name": false,
      "x": false,
      "y": false,
      "gu": "Gangbuk",
      "id": 15
    }
  ]
}